Id,Predicted
500-61,False
1104-51,False
365-660,False
11-60,False
368-691,False
1109-713,False
470-838,False
1022-420,False
173-891,False
276-552,False
257-553,False
186-775,False
819-975,False
633-702,False
393-512,False
341-603,False
624-93,False
231-57,False
185-622,False
333-587,False
240-4,False
274-470,False
671-880,False
253-258,False
153-396,False
121-58,False
455-578,False
435-975,False
204-236,False
142-834,False
135-443,False
232-27,False
694-848,False
252-667,False
147-299,False
105-205,False
19-21,False
347-724,False
333-429,False
353-454,False
1062-94,False
1-30,False
444-69,False
16-56,False
162-781,False
434-468,False
109-587,False
1111-984,False
1029-923,False
204-24,False
228-808,False
206-380,False
268-863,False
475-522,False
40-465,False
333-390,False
355-874,False
20-245,False
338-42,False
331-564,False
203-23,False
160-28,False
452-538,False
11-113,False
603-659,False
240-311,False
634-985,False
112-166,False
361-6,False
105-678,False
355-62,False
584-592,False
387-398,False
312-709,False
373-61,False
676-679,False
262-964,False
189-93,False
221-590,False
45-84,False
31-39,False
270-92,False
268-362,False
797-903,False
277-424,False
45-840,False
254-39,False
746-946,False
399-816,False
244-476,False
271-284,False
306-840,False
70-956,False
234-514,False
116-675,False
387-843,False
254-456,False
434-78,False
186-300,False
291-725,False
186-580,False
1070-614,False
660-951,False
193-401,False
104-354,False
123-320,False
21-91,False
1007-264,False
235-27,False
115-21,False
552-893,False
202-51,False
155-418,False
45-78,False
352-954,False
142-355,False
119-24,False
654-665,False
242-605,False
1001-919,False
316-399,False
249-261,False
141-735,False
128-762,False
498-575,False
182-36,False
532-599,False
144-732,False
1069-900,False
338-367,False
205-464,False
386-724,False
1043-941,False
1082-803,False
237-270,False
12-140,False
381-936,False
568-698,False
3-54,False
13-190,False
1087-935,False
407-877,False
470-675,False
472-9,False
211-390,False
418-42,False
1016-108,False
258-51,False
291-908,False
568-81,False
150-721,False
105-959,False
284-434,False
327-725,False
198-207,False
568-659,False
1062-544,False
41-426,False
262-279,False
10-896,False
509-64,False
629-698,False
582-808,False
11-32,False
62-74,False
291-335,False
145-503,False
259-78,False
208-520,False
188-81,False
372-705,False
45-705,False
355-397,False
101-781,False
112-80,False
553-74,False
24-271,False
546-878,False
466-489,False
364-54,False
183-197,False
229-972,False
641-646,False
1-114,False
361-79,False
271-668,False
1061-549,False
1076-294,False
592-790,False
1039-1043,False
211-773,False
1128-52,False
187-504,False
262-50,False
378-573,False
133-287,False
210-247,False
198-222,False
137-613,False
372-753,False
625-985,False
554-564,False
325-85,False
511-570,False
809-833,False
289-51,False
300-60,False
650-85,False
870-94,False
313-753,False
332-520,False
701-94,False
227-644,False
23-381,False
1078-1079,False
624-89,False
1040-57,False
1077-142,False
282-73,False
1131-309,False
268-913,False
340-505,False
1124-7,False
571-687,False
412-434,False
401-817,False
105-387,False
442-614,False
838-959,False
2-95,False
20-354,False
146-731,False
157-870,False
39-548,False
1103-791,False
641-658,False
391-588,False
31-926,False
182-270,False
414-48,False
115-74,False
234-417,False
546-73,False
38-976,False
118-639,False
412-771,False
959-989,False
1041-134,False
276-299,False
1-117,False
544-89,False
52-93,False
206-641,False
668-693,False
255-261,False
409-711,False
407-884,False
598-771,False
485-499,False
251-293,False
41-58,False
578-604,False
100-2,False
938-988,False
1-163,False
137-339,False
649-783,False
196-595,False
624-821,False
598-99,False
1034-650,False
1087-544,False
338-340,False
282-97,False
457-967,False
6-85,False
383-44,False
520-85,False
215-880,False
141-266,False
1008-65,False
504-591,False
196-210,False
524-562,False
432-699,False
260-707,False
466-528,False
220-547,False
485-971,False
503-545,False
284-686,False
20-813,False
185-700,False
146-720,False
360-652,False
205-594,False
52-763,False
339-934,False
1054-497,False
273-302,False
116-401,False
1058-588,False
483-543,False
355-960,False
59-780,False
301-868,False
1004-1078,False
260-92,False
1108-235,False
660-772,False
150-39,False
452-588,False
552-592,False
1054-558,False
743-745,False
37-49,False
230-305,False
42-650,False
420-56,False
339-58,False
237-274,False
131-702,False
135-711,False
185-371,False
168-80,False
1-29,False
324-666,False
333-574,False
1010-415,False
23-856,False
509-66,False
331-82,False
24-27,False
19-214,False
107-680,False
155-448,False
259-92,False
660-9,False
245-271,False
1091-206,False
242-563,False
588-649,False
135-196,False
49-567,False
354-392,False
553-554,False
1054-597,False
123-163,False
218-30,False
41-67,False
237-464,False
150-209,False
136-24,False
382-974,False
1131-414,False
1067-382,False
455-744,False
390-446,False
892-993,False
215-218,False
197-6,False
10-128,False
369-656,False
268-358,False
41-51,False
208-554,False
153-6,False
51-903,False
554-637,False
1112-554,False
399-42,False
200-695,False
296-49,False
333-521,False
396-892,False
161-80,False
1053-432,False
112-333,False
472-567,False
42-50,False
531-959,False
137-598,False
355-838,False
425-430,False
519-882,False
44-573,False
182-237,False
403-606,False
121-489,False
362-73,False
289-885,False
367-489,False
655-81,False
1064-347,False
20-439,False
507-769,False
366-448,False
150-384,False
104-693,False
5-78,False
128-292,False
19-520,False
438-552,False
293-703,False
238-579,False
20-71,False
367-484,False
1022-564,False
349-409,False
233-812,False
52-713,False
683-778,False
279-86,False
19-246,False
711-765,False
192-40,False
569-76,False
1005-631,False
1089-658,False
630-688,False
196-468,False
204-259,False
194-505,False
160-318,False
286-297,False
181-984,False
378-91,False
110-335,False
347-730,False
619-7,False
636-762,False
42-953,False
136-460,False
586-638,False
39-394,False
16-296,False
230-443,False
335-560,False
193-9,False
554-705,False
152-378,False
291-681,False
500-68,False
101-836,False
414-866,False
356-586,False
341-524,False
1061-553,False
3-43,False
131-614,False
207-629,False
689-994,False
484-996,False
351-52,False
687-82,False
239-74,False
330-355,False
19-532,False
339-576,False
1109-451,False
1084-158,False
143-765,False
14-45,False
1086-831,False
102-288,False
1040-884,False
831-895,False
135-934,False
748-84,False
153-239,False
551-565,False
459-507,False
184-215,False
31-368,False
346-932,False
144-42,False
523-626,False
1080-91,False
250-41,False
381-388,False
390-786,False
59-71,False
269-820,False
155-691,False
55-647,False
378-588,False
1004-610,False
201-28,False
105-599,False
16-2,False
192-439,False
22-39,False
783-845,False
451-730,False
200-725,False
300-980,False
262-953,False
5-74,False
241-598,False
378-641,False
392-853,False
158-187,False
1096-894,False
414-749,False
46-87,False
327-364,False
157-466,False
105-43,False
197-482,False
150-75,False
194-672,False
266-38,False
15-188,False
270-975,False
338-704,False
726-727,False
227-39,False
20-76,False
1085-953,False
408-409,False
631-883,False
414-426,False
377-585,False
255-859,False
364-42,False
326-327,False
12-730,False
460-65,False
235-840,False
258-56,False
431-633,False
495-58,False
709-849,False
233-607,False
429-89,False
149-240,False
153-745,False
468-964,False
185-433,False
1131-573,False
228-340,False
57-847,False
284-645,False
223-340,False
264-42,False
150-151,False
429-74,False
553-659,False
201-58,False
479-811,False
1045-37,False
311-543,False
242-866,False
1108-512,False
496-839,False
396-66,False
196-23,False
217-420,False
234-532,False
118-155,False
285-60,False
274-330,False
699-861,False
15-643,False
135-373,False
12-521,False
334-82,False
434-753,False
247-686,False
497-57,False
129-470,False
395-446,False
167-30,False
25-879,False
566-895,False
243-501,False
146-730,False
1047-675,False
388-834,False
182-44,False
240-87,False
162-595,False
40-44,False
303-44,False
868-90,False
232-991,False
1068-613,False
237-680,False
44-80,False
493-667,False
1063-775,False
183-796,False
10-113,False
1107-224,False
107-172,False
1042-65,False
354-532,False
97-99,False
204-473,False
140-72,False
105-666,False
10-137,False
316-76,False
1028-45,False
11-520,False
370-372,False
142-504,False
259-672,False
16-455,False
590-940,False
599-629,False
58-725,False
4-417,False
122-300,False
39-638,False
496-545,False
351-439,False
106-980,False
375-391,False
238-41,False
191-827,False
332-439,False
399-858,False
130-291,False
189-54,False
458-654,False
204-697,False
255-4,False
165-818,False
1007-367,False
217-837,False
658-935,False
562-772,False
16-162,False
376-87,False
248-91,False
104-333,False
505-720,False
1071-916,False
1069-793,False
27-984,False
1-13,False
214-246,False
1042-47,False
40-437,False
838-880,False
147-566,False
142-910,False
108-297,False
280-392,False
221-363,False
336-92,False
1006-949,False
726-888,False
182-316,False
13-42,False
247-334,False
353-356,False
1067-150,False
237-41,False
1039-134,False
1115-627,False
133-446,False
699-878,False
876-891,False
1007-229,False
150-830,False
425-654,False
104-401,False
240-443,False
26-4,False
1130-347,False
60-68,False
805-962,False
201-335,False
157-336,False
476-600,False
128-9,False
193-211,False
1131-292,False
433-733,False
127-216,False
109-296,False
799-926,False
18-738,False
572-76,False
384-775,False
7-98,False
341-408,False
154-985,False
1095-150,False
237-355,False
123-16,False
137-633,False
210-271,False
1051-373,False
367-602,False
302-889,False
196-692,False
30-647,False
356-840,False
128-325,False
282-535,False
1007-878,False
415-662,False
794-834,False
110-569,False
343-809,False
351-356,False
38-501,False
129-199,False
1065-912,False
346-41,False
182-631,False
445-770,False
466-527,False
279-727,False
348-618,False
231-479,False
421-94,False
189-711,False
51-54,False
195-511,False
116-30,False
213-677,False
143-383,False
264-930,False
116-127,False
326-471,False
69-72,False
354-463,False
274-468,False
725-820,False
302-403,False
1052-54,False
10-224,False
114-952,False
42-545,False
196-40,False
20-664,False
120-146,False
525-592,False
194-325,False
332-355,False
5-545,False
393-42,False
134-42,False
474-525,False
380-889,False
164-372,False
51-76,False
392-717,False
208-343,False
275-465,False
1012-229,False
25-890,False
140-313,False
241-761,False
388-500,False
541-670,False
1074-327,False
569-80,False
765-87,False
321-691,False
1-271,False
259-372,False
1014-623,False
461-81,False
540-887,False
560-561,False
178-321,False
476-957,False
193-289,False
156-368,False
177-25,False
51-84,False
29-860,False
389-76,False
380-895,False
196-197,False
355-444,False
354-385,False
444-61,False
394-714,False
380-893,False
398-431,False
774-99,False
1083-923,False
103-614,False
13-189,False
280-45,False
475-698,False
46-827,False
243-334,False
120-157,False
14-287,False
378-719,False
21-585,False
22-31,False
271-726,False
201-24,False
184-189,False
432-506,False
421-45,False
326-488,False
75-903,False
352-952,False
238-519,False
1082-96,False
321-439,False
608-94,False
451-659,False
481-708,False
1046-897,False
1005-362,False
549-816,False
237-503,False
333-489,False
722-741,False
230-834,False
1015-464,False
205-692,False
360-366,False
210-308,False
121-125,False
245-335,False
239-718,False
657-840,False
201-92,False
750-764,False
470-478,False
370-835,False
134-660,False
27-38,False
285-426,False
305-58,False
1086-290,False
536-814,False
690-974,False
150-715,False
433-756,False
633-945,False
564-848,False
387-390,False
588-975,False
1034-486,False
408-595,False
233-24,False
274-601,False
156-28,False
270-808,False
125-185,False
143-24,False
1010-433,False
452-774,False
1087-654,False
227-504,False
477-915,False
1128-971,False
534-978,False
254-709,False
334-457,False
377-546,False
598-93,False
286-58,False
504-756,False
132-171,False
281-54,False
1055-846,False
39-461,False
120-393,False
130-672,False
542-616,False
38-919,False
1024-483,False
198-58,False
241-455,False
1005-822,False
263-790,False
313-716,False
114-90,False
470-703,False
1038-663,False
414-76,False
142-153,False
13-528,False
813-976,False
252-861,False
23-442,False
338-520,False
355-875,False
229-64,False
495-696,False
694-719,False
301-849,False
5-76,False
564-871,False
299-409,False
103-832,False
398-400,False
370-395,False
453-731,False
211-77,False
339-539,False
203-39,False
294-896,False
539-649,False
202-356,False
662-685,False
445-997,False
286-364,False
419-471,False
11-475,False
437-51,False
107-207,False
264-54,False
239-420,False
568-99,False
455-654,False
20-376,False
458-50,False
1104-444,False
354-578,False
245-384,False
198-932,False
106-13,False
236-503,False
387-891,False
116-176,False
22-7,False
32-512,False
1124-497,False
137-452,False
347-748,False
186-919,False
303-333,False
458-52,False
716-91,False
543-558,False
644-76,False
573-890,False
255-355,False
1014-229,False
389-468,False
851-917,False
649-674,False
217-337,False
605-857,False
15-42,False
191-47,False
192-274,False
310-481,False
202-390,False
196-56,False
16-3,False
528-540,False
315-396,False
228-52,False
538-980,False
135-935,False
128-236,False
411-705,False
20-460,False
124-14,False
231-831,False
585-829,False
1029-987,False
108-756,False
545-581,False
372-51,False
1000-1052,False
792-954,False
359-363,False
183-184,False
208-696,False
636-886,False
199-286,False
901-980,False
341-834,False
581-721,False
391-793,False
359-676,False
808-869,False
142-930,False
678-679,False
251-597,False
124-564,False
1034-175,False
101-243,False
296-342,False
31-340,False
382-837,False
21-497,False
182-289,False
332-466,False
1060-367,False
54-87,False
195-671,False
832-93,False
125-966,False
210-322,False
1064-96,False
214-505,False
46-632,False
405-589,False
402-905,False
467-54,False
148-206,False
268-664,False
251-399,False
140-762,False
40-402,False
468-503,False
564-709,False
452-455,False
893-895,False
134-829,False
105-681,False
520-521,False
315-468,False
602-773,False
127-915,False
1068-562,False
237-761,False
16-342,False
146-740,False
13-161,False
367-693,False
275-372,False
407-48,False
400-403,False
259-408,False
513-68,False
270-500,False
80-884,False
129-203,False
826-844,False
292-52,False
202-532,False
280-920,False
603-621,False
736-943,False
140-158,False
419-447,False
13-846,False
38-51,False
145-229,False
137-459,False
408-44,False
345-38,False
203-206,False
472-499,False
244-64,False
23-333,False
720-859,False
415-466,False
116-213,False
346-52,False
141-257,False
366-445,False
1050-1112,False
207-56,False
1115-786,False
456-688,False
302-60,False
34-80,False
528-543,False
116-2,False
29-310,False
726-993,False
577-80,False
816-823,False
142-737,False
659-9,False
237-438,False
287-839,False
197-584,False
11-67,False
472-795,False
1038-1039,False
1087-381,False
284-414,False
182-264,False
24-470,False
649-719,False
194-49,False
726-886,False
283-889,False
508-536,False
254-404,False
206-317,False
23-388,False
301-916,False
528-831,False
48-55,False
275-415,False
1069-192,False
308-368,False
316-562,False
206-593,False
246-304,False
1131-353,False
332-412,False
313-43,False
784-891,False
240-372,False
15-189,False
755-805,False
127-205,False
333-730,False
122-709,False
378-391,False
196-650,False
312-54,False
16-221,False
227-70,False
451-582,False
672-966,False
135-227,False
420-503,False
542-749,False
337-446,False
367-565,False
12-148,False
187-76,False
471-757,False
103-252,False
429-458,False
421-698,False
317-361,False
369-574,False
667-817,False
227-45,False
105-581,False
103-2,False
197-200,False
256-69,False
137-376,False
1071-454,False
339-962,False
376-42,False
146-62,False
257-618,False
16-161,False
166-192,False
11-313,False
497-708,False
140-503,False
242-508,False
1001-1049,False
1002-46,False
2-44,False
39-798,False
506-62,False
467-468,False
485-90,False
333-513,False
454-622,False
824-871,False
292-563,False
552-798,False
376-89,False
269-822,False
671-859,False
1007-65,False
143-411,False
1030-493,False
265-45,False
1073-588,False
564-996,False
240-555,False
271-272,False
502-74,False
432-620,False
594-968,False
212-802,False
209-519,False
660-677,False
719-836,False
10-9,False
135-146,False
10-677,False
440-55,False
141-69,False
226-882,False
26-6,False
15-272,False
650-809,False
108-285,False
387-724,False
28-282,False
147-420,False
156-463,False
421-759,False
314-46,False
446-58,False
255-268,False
357-393,False
257-564,False
455-461,False
105-88,False
421-634,False
720-817,False
308-662,False
187-189,False
140-146,False
184-3,False
603-625,False
131-585,False
553-656,False
613-775,False
130-337,False
15-622,False
266-415,False
155-333,False
269-679,False
432-907,False
558-743,False
185-72,False
62-71,False
464-626,False
662-914,False
567-766,False
204-578,False
128-891,False
325-753,False
275-392,False
232-792,False
445-451,False
283-934,False
135-606,False
15-549,False
475-511,False
317-599,False
339-362,False
811-813,False
178-369,False
1010-656,False
307-435,False
543-617,False
153-468,False
358-456,False
465-625,False
137-697,False
1115-359,False
719-723,False
16-26,False
140-904,False
752-902,False
318-327,False
468-724,False
386-608,False
34-678,False
384-39,False
253-423,False
252-549,False
504-982,False
411-412,False
1033-457,False
270-54,False
372-532,False
405-588,False
317-319,False
1048-5,False
538-72,False
190-341,False
282-853,False
284-888,False
434-743,False
320-427,False
442-92,False
634-750,False
239-247,False
245-354,False
92-93,False
300-850,False
201-651,False
168-175,False
238-868,False
140-788,False
241-427,False
1108-120,False
314-389,False
81-93,False
258-474,False
856-857,False
1004-1066,False
568-598,False
104-390,False
176-685,False
380-908,False
197-293,False
439-777,False
478-564,False
441-699,False
293-414,False
135-241,False
414-51,False
367-705,False
234-703,False
112-861,False
1054-428,False
37-9,False
109-566,False
127-212,False
543-90,False
356-500,False
74-790,False
414-590,False
724-746,False
775-88,False
28-34,False
617-620,False
358-750,False
454-632,False
316-484,False
132-470,False
1046-771,False
10-685,False
349-69,False
231-254,False
454-627,False
16-647,False
200-324,False
116-221,False
229-316,False
354-741,False
202-52,False
896-937,False
208-494,False
355-958,False
522-528,False
504-74,False
510-513,False
187-381,False
183-564,False
235-456,False
357-43,False
18-346,False
12-332,False
373-936,False
386-785,False
668-882,False
147-555,False
107-21,False
287-778,False
363-784,False
504-745,False
21-462,False
146-84,False
552-991,False
227-413,False
355-417,False
38-948,False
39-527,False
373-455,False
632-870,False
1133-342,False
186-321,False
393-891,False
227-831,False
136-179,False
105-323,False
767-832,False
11-399,False
276-948,False
248-697,False
57-58,False
20-43,False
201-202,False
666-959,False
1105-986,False
299-383,False
289-780,False
346-677,False
15-185,False
163-178,False
759-887,False
199-441,False
306-513,False
205-800,False
354-423,False
173-315,False
520-696,False
264-275,False
188-353,False
104-61,False
501-584,False
358-370,False
297-384,False
243-429,False
1007-477,False
402-542,False
407-775,False
215-987,False
594-915,False
368-506,False
418-722,False
755-812,False
617-746,False
205-222,False
106-23,False
205-390,False
141-869,False
131-504,False
183-891,False
134-475,False
305-425,False
241-328,False
509-69,False
114-923,False
189-464,False
426-828,False
332-420,False
707-802,False
104-49,False
95-97,False
236-9,False
267-737,False
447-89,False
147-731,False
873-876,False
194-471,False
216-658,False
498-979,False
1023-612,False
94-953,False
259-472,False
203-360,False
475-81,False
428-52,False
134-730,False
505-71,False
237-705,False
415-542,False
663-847,False
358-371,False
787-858,False
1082-985,False
1036-672,False
245-678,False
233-390,False
441-594,False
486-757,False
177-584,False
56-85,False
355-379,False
1124-702,False
282-827,False
1042-655,False
1127-650,False
28-485,False
185-581,False
303-601,False
241-478,False
600-856,False
270-296,False
470-772,False
495-506,False
413-74,False
470-558,False
318-797,False
1110-451,False
483-67,False
543-56,False
747-985,False
316-46,False
183-784,False
389-397,False
204-676,False
279-352,False
416-798,False
36-593,False
128-429,False
499-995,False
313-501,False
101-902,False
545-787,False
653-812,False
504-62,False
38-7,False
333-9,False
1-20,False
428-46,False
206-963,False
280-530,False
1063-592,False
150-84,False
376-898,False
726-731,False
251-291,False
152-509,False
554-869,False
165-58,False
265-280,False
666-668,False
382-936,False
628-89,False
1068-392,False
28-7,False
233-76,False
534-975,False
239-70,False
728-750,False
7-96,False
210-367,False
145-505,False
644-961,False
19-86,False
231-324,False
331-354,False
661-76,False
245-303,False
375-706,False
152-639,False
944-986,False
18-842,False
227-420,False
677-679,False
468-552,False
468-489,False
117-680,False
425-840,False
282-68,False
351-39,False
194-985,False
303-446,False
250-42,False
201-56,False
304-329,False
39-711,False
143-549,False
559-633,False
239-282,False
237-736,False
782-950,False
304-870,False
377-691,False
211-987,False
192-776,False
441-611,False
552-591,False
210-371,False
23-97,False
42-895,False
930-933,False
137-588,False
1030-314,False
863-931,False
378-603,False
553-565,False
717-79,False
416-830,False
238-447,False
231-439,False
403-545,False
124-67,False
406-552,False
210-222,False
404-77,False
273-666,False
537-686,False
273-880,False
252-712,False
334-439,False
248-58,False
10-293,False
609-872,False
182-38,False
103-246,False
233-568,False
745-747,False
164-167,False
1014-130,False
454-6,False
203-439,False
454-546,False
674-770,False
204-33,False
633-859,False
1119-475,False
287-461,False
1050-1109,False
581-80,False
679-697,False
602-726,False
384-602,False
163-179,False
113-71,False
1080-136,False
211-545,False
1021-284,False
199-692,False
1007-479,False
333-503,False
104-776,False
333-890,False
215-555,False
256-362,False
116-199,False
870-871,False
512-736,False
1014-578,False
45-80,False
154-532,False
3-5,False
331-61,False
3-47,False
591-725,False
1064-743,False
106-281,False
106-1090,False
196-372,False
1127-596,False
305-330,False
646-775,False
684-810,False
152-633,False
549-564,False
886-887,False
444-614,False
82-854,False
231-38,False
396-563,False
396-743,False
905-965,False
385-788,False
217-230,False
214-781,False
222-800,False
268-395,False
263-277,False
115-182,False
116-131,False
1083-826,False
351-568,False
240-27,False
105-158,False
52-73,False
1075-307,False
128-241,False
229-821,False
162-436,False
103-354,False
23-568,False
307-322,False
665-793,False
243-76,False
196-429,False
131-611,False
725-833,False
632-67,False
471-545,False
414-55,False
233-257,False
191-371,False
251-835,False
308-779,False
459-805,False
380-405,False
152-300,False
134-847,False
1050-333,False
336-917,False
542-673,False
399-572,False
311-39,False
340-984,False
231-606,False
132-643,False
39-407,False
1090-921,False
622-808,False
52-79,False
243-590,False
120-227,False
39-422,False
704-775,False
358-707,False
221-317,False
187-466,False
383-723,False
150-764,False
483-729,False
367-990,False
484-73,False
239-29,False
147-90,False
618-738,False
477-511,False
299-775,False
420-647,False
254-666,False
384-868,False
377-50,False
219-787,False
568-632,False
1003-450,False
298-744,False
195-233,False
298-321,False
274-777,False
183-946,False
191-237,False
264-268,False
204-216,False
341-726,False
204-364,False
55-58,False
161-401,False
4-66,False
578-621,False
106-245,False
171-867,False
148-709,False
708-741,False
226-73,False
241-632,False
497-835,False
267-940,False
356-930,False
302-716,False
407-784,False
1056-951,False
277-54,False
522-607,False
383-39,False
10-130,False
404-887,False
661-664,False
120-289,False
378-397,False
1132-395,False
281-930,False
501-558,False
211-217,False
418-45,False
73-765,False
299-46,False
282-635,False
255-815,False
152-84,False
289-332,False
178-280,False
122-355,False
39-647,False
133-72,False
402-452,False
279-665,False
1077-613,False
157-724,False
200-974,False
624-833,False
199-408,False
294-855,False
115-116,False
233-776,False
184-200,False
127-662,False
164-348,False
127-140,False
197-698,False
276-756,False
420-57,False
154-578,False
269-871,False
157-651,False
179-685,False
218-322,False
134-374,False
245-87,False
546-632,False
518-600,False
347-743,False
353-842,False
147-33,False
276-341,False
18-271,False
296-52,False
14-158,False
354-924,False
1115-801,False
597-606,False
1052-888,False
270-3,False
1101-190,False
105-866,False
470-593,False
337-433,False
116-344,False
510-988,False
399-701,False
218-321,False
441-584,False
282-399,False
201-796,False
351-353,False
287-3,False
367-429,False
238-578,False
184-316,False
365-460,False
219-555,False
1090-299,False
183-573,False
29-899,False
105-446,False
389-978,False
1025-1117,False
112-393,False
378-585,False
134-45,False
371-740,False
306-591,False
344-568,False
14-584,False
480-485,False
28-844,False
495-710,False
527-765,False
268-663,False
1028-531,False
208-807,False
56-629,False
192-834,False
200-646,False
48-564,False
1053-1065,False
289-80,False
183-307,False
419-45,False
21-354,False
132-660,False
104-821,False
131-296,False
552-688,False
331-638,False
156-615,False
248-953,False
333-922,False
584-80,False
73-734,False
207-38,False
427-908,False
712-903,False
287-489,False
37-529,False
271-354,False
20-425,False
382-889,False
287-874,False
450-541,False
1125-414,False
193-595,False
265-420,False
104-183,False
100-623,False
255-305,False
849-869,False
460-549,False
223-528,False
45-76,False
134-655,False
258-348,False
392-403,False
371-373,False
180-572,False
206-288,False
1081-399,False
538-954,False
157-356,False
241-316,False
333-564,False
414-44,False
562-568,False
28-438,False
246-264,False
126-645,False
1072-338,False
66-920,False
194-425,False
525-58,False
470-836,False
834-896,False
393-44,False
1059-472,False
435-49,False
1045-487,False
334-930,False
245-585,False
1080-376,False
512-88,False
393-920,False
125-140,False
41-447,False
331-617,False
186-19,False
126-449,False
1011-218,False
135-536,False
3-414,False
213-815,False
311-695,False
353-72,False
1104-991,False
590-730,False
463-653,False
300-688,False
167-345,False
481-514,False
591-756,False
1105-684,False
300-953,False
339-467,False
1082-610,False
347-941,False
447-51,False
196-361,False
115-24,False
549-553,False
334-42,False
325-55,False
156-196,False
194-303,False
337-47,False
492-682,False
356-729,False
364-936,False
189-911,False
11-302,False
393-892,False
687-702,False
330-423,False
316-415,False
263-416,False
31-743,False
366-793,False
272-282,False
321-514,False
257-913,False
376-548,False
231-662,False
207-698,False
124-15,False
1060-409,False
415-846,False
176-182,False
371-379,False
279-376,False
278-482,False
425-45,False
412-839,False
174-685,False
892-936,False
387-457,False
29-532,False
316-730,False
789-805,False
387-545,False
338-86,False
541-549,False
140-152,False
188-553,False
231-321,False
140-268,False
198-648,False
465-870,False
116-446,False
205-987,False
235-814,False
243-588,False
607-760,False
252-433,False
888-989,False
702-900,False
303-896,False
204-651,False
1036-42,False
107-322,False
485-490,False
353-51,False
217-698,False
58-68,False
28-372,False
235-268,False
1020-971,False
364-439,False
257-859,False
322-390,False
122-688,False
468-918,False
204-206,False
387-796,False
104-200,False
329-52,False
1025-244,False
327-472,False
313-911,False
156-364,False
190-764,False
602-7,False
145-41,False
106-344,False
73-87,False
206-420,False
257-46,False
453-808,False
333-989,False
568-954,False
616-620,False
128-211,False
255-494,False
464-52,False
810-958,False
133-349,False
565-879,False
400-679,False
1026-76,False
372-708,False
332-504,False
415-85,False
376-716,False
364-55,False
1122-858,False
439-890,False
585-853,False
444-50,False
240-351,False
148-402,False
45-612,False
644-648,False
337-356,False
420-49,False
309-80,False
192-194,False
688-692,False
212-293,False
108-342,False
1069-687,False
587-850,False
24-642,False
1001-554,False
701-91,False
1081-96,False
496-645,False
711-74,False
321-650,False
415-535,False
195-694,False
54-566,False
339-356,False
283-806,False
410-470,False
542-886,False
204-258,False
12-55,False
403-558,False
20-241,False
147-329,False
320-34,False
387-395,False
398-596,False
185-521,False
368-708,False
485-510,False
204-270,False
339-565,False
284-619,False
374-87,False
1100-591,False
396-523,False
189-726,False
1035-585,False
355-532,False
339-41,False
19-569,False
330-359,False
476-57,False
1-82,False
1130-977,False
1092-778,False
121-78,False
348-588,False
17-367,False
143-3,False
422-477,False
398-958,False
28-479,False
573-740,False
142-726,False
62-63,False
52-680,False
203-446,False
340-586,False
413-993,False
332-431,False
45-54,False
503-62,False
643-888,False
457-970,False
1024-70,False
792-803,False
763-768,False
1082-773,False
115-729,False
367-40,False
1045-868,False
105-80,False
339-447,False
265-343,False
397-524,False
464-603,False
123-615,False
192-210,False
364-559,False
447-770,False
237-913,False
308-606,False
104-176,False
196-702,False
24-35,False
125-694,False
107-246,False
838-965,False
483-90,False
137-916,False
568-86,False
16-85,False
31-396,False
354-64,False
251-76,False
10-126,False
744-783,False
341-73,False
1043-418,False
213-437,False
314-722,False
473-721,False
713-718,False
284-332,False
46-915,False
184-45,False
22-52,False
1056-450,False
23-731,False
251-330,False
143-591,False
324-769,False
543-937,False
21-23,False
480-713,False
153-271,False
229-233,False
1036-870,False
267-331,False
511-512,False
372-674,False
357-889,False
585-819,False
174-508,False
481-590,False
275-316,False
752-984,False
425-659,False
134-376,False
555-80,False
253-297,False
1020-475,False
468-963,False
317-328,False
402-657,False
161-578,False
354-864,False
1052-1117,False
299-410,False
121-34,False
299-300,False
831-981,False
257-369,False
241-467,False
468-472,False
250-367,False
688-879,False
147-83,False
405-452,False
819-951,False
384-585,False
1050-759,False
214-77,False
1068-459,False
16-86,False
168-19,False
269-277,False
80-85,False
212-765,False
441-806,False
1121-845,False
396-748,False
267-710,False
198-201,False
279-467,False
138-642,False
149-520,False
419-479,False
284-811,False
485-509,False
311-415,False
868-988,False
1079-503,False
1062-869,False
222-795,False
278-855,False
1071-564,False
649-786,False
333-484,False
507-63,False
271-953,False
34-453,False
414-591,False
204-372,False
204-678,False
215-692,False
446-695,False
210-790,False
213-343,False
135-952,False
160-2,False
540-72,False
487-57,False
142-415,False
199-578,False
392-398,False
1039-709,False
581-611,False
268-511,False
558-932,False
327-74,False
1119-550,False
268-654,False
46-535,False
254-512,False
15-169,False
199-40,False
339-932,False
1036-437,False
146-739,False
1026-1045,False
1071-382,False
329-568,False
339-477,False
100-817,False
326-9,False
115-376,False
196-259,False
216-30,False
817-858,False
311-384,False
25-371,False
521-611,False
239-825,False
267-385,False
23-369,False
191-415,False
234-405,False
34-8,False
239-253,False
150-710,False
410-728,False
231-346,False
13-4,False
457-752,False
39-466,False
192-207,False
14-667,False
604-605,False
118-507,False
230-298,False
3-744,False
135-73,False
549-818,False
1100-590,False
592-860,False
898-899,False
498-66,False
492-72,False
333-866,False
46-68,False
370-634,False
397-468,False
310-4,False
255-69,False
103-157,False
201-216,False
452-982,False
1101-944,False
120-13,False
15-187,False
381-387,False
868-995,False
462-76,False
276-470,False
369-40,False
309-983,False
173-741,False
327-473,False
482-554,False
106-172,False
120-84,False
42-422,False
207-792,False
487-660,False
125-305,False
23-590,False
1100-418,False
303-387,False
10-207,False
413-591,False
16-84,False
549-981,False
215-435,False
737-843,False
39-702,False
155-633,False
624-631,False
190-7,False
200-801,False
39-961,False
314-76,False
1024-1097,False
1027-464,False
409-413,False
166-670,False
263-364,False
439-730,False
33-70,False
454-624,False
268-282,False
161-892,False
591-730,False
27-307,False
221-775,False
726-828,False
316-402,False
390-906,False
177-674,False
340-52,False
16-642,False
235-378,False
307-439,False
524-545,False
397-734,False
254-365,False
404-562,False
1010-193,False
217-400,False
36-617,False
145-362,False
537-777,False
182-55,False
595-692,False
105-214,False
38-953,False
426-88,False
62-84,False
254-348,False
390-780,False
134-263,False
243-387,False
202-34,False
395-404,False
1040-64,False
159-333,False
233-590,False
443-809,False
182-531,False
116-648,False
402-693,False
194-80,False
239-381,False
184-33,False
590-747,False
12-5,False
104-154,False
338-41,False
528-77,False
1062-339,False
117-190,False
106-54,False
772-819,False
1113-271,False
371-376,False
438-594,False
263-361,False
117-185,False
573-93,False
423-933,False
15-396,False
562-659,False
439-830,False
279-921,False
1010-914,False
168-442,False
153-744,False
299-886,False
313-404,False
509-521,False
113-396,False
335-650,False
452-458,False
431-591,False
260-374,False
378-648,False
57-706,False
1062-953,False
304-551,False
184-222,False
71-74,False
594-668,False
258-261,False
204-222,False
55-573,False
237-854,False
268-955,False
194-322,False
652-933,False
160-757,False
136-161,False
402-504,False
278-847,False
48-56,False
796-818,False
112-170,False
169-70,False
46-71,False
426-67,False
286-932,False
196-30,False
143-450,False
1024-922,False
1091-781,False
30-323,False
11-460,False
865-895,False
305-676,False
298-393,False
227-232,False
341-907,False
214-250,False
16-796,False
56-672,False
1112-995,False
353-715,False
1042-110,False
128-644,False
240-816,False
537-59,False
183-567,False
410-985,False
1020-1024,False
274-284,False
396-829,False
228-368,False
134-707,False
303-58,False
227-994,False
104-55,False
233-393,False
23-396,False
166-173,False
180-33,False
210-335,False
291-592,False
518-532,False
770-81,False
509-712,False
196-780,False
130-596,False
21-41,False
231-608,False
287-964,False
453-52,False
357-402,False
108-420,False
157-92,False
251-45,False
237-614,False
367-884,False
107-217,False
48-726,False
1022-460,False
202-217,False
872-971,False
41-968,False
3-365,False
728-908,False
1035-824,False
267-578,False
135-338,False
267-468,False
868-992,False
40-853,False
1073-965,False
493-619,False
79-941,False
210-368,False
390-648,False
248-379,False
135-407,False
112-292,False
808-996,False
30-517,False
180-588,False
460-677,False
51-6,False
309-724,False
191-454,False
4-536,False
397-970,False
568-662,False
214-382,False
123-959,False
11-701,False
284-552,False
451-598,False
42-633,False
203-468,False
293-47,False
507-978,False
466-496,False
164-645,False
132-19,False
552-726,False
105-380,False
57-69,False
355-398,False
1046-62,False
381-724,False
19-38,False
214-413,False
155-40,False
1-54,False
11-73,False
635-88,False
320-655,False
271-836,False
186-233,False
1028-453,False
235-415,False
54-742,False
104-128,False
432-847,False
253-712,False
147-306,False
101-265,False
1-157,False
201-344,False
521-840,False
704-708,False
333-461,False
27-55,False
388-412,False
368-421,False
484-74,False
284-793,False
212-796,False
237-701,False
372-454,False
724-940,False
1116-858,False
335-638,False
21-9,False
215-222,False
1068-1070,False
313-443,False
144-472,False
78-843,False
205-307,False
59-74,False
369-74,False
262-445,False
120-233,False
141-806,False
787-938,False
1096-92,False
543-893,False
46-52,False
447-557,False
121-178,False
41-501,False
358-652,False
255-533,False
82-952,False
574-642,False
240-254,False
613-91,False
355-416,False
1069-189,False
1-165,False
834-908,False
861-988,False
816-849,False
1071-218,False
578-957,False
734-786,False
462-513,False
185-788,False
138-243,False
107-69,False
738-793,False
430-68,False
157-381,False
176-344,False
337-389,False
13-521,False
835-92,False
508-62,False
56-796,False
162-180,False
354-935,False
251-272,False
91-969,False
235-7,False
1065-690,False
316-618,False
1008-486,False
189-766,False
291-333,False
187-338,False
467-660,False
161-604,False
472-88,False
600-88,False
105-316,False
341-466,False
257-308,False
191-203,False
246-362,False
745-947,False
315-457,False
825-862,False
1033-1108,False
891-894,False
170-27,False
347-414,False
24-317,False
543-554,False
113-672,False
341-353,False
433-913,False
264-849,False
889-938,False
42-643,False
218-526,False
167-624,False
594-666,False
107-74,False
121-129,False
273-49,False
286-471,False
137-798,False
439-837,False
282-43,False
120-687,False
23-415,False
731-974,False
198-401,False
198-316,False
323-697,False
338-810,False
1025-429,False
135-431,False
773-890,False
1-143,False
129-370,False
146-662,False
21-647,False
689-97,False
247-39,False
135-18,False
588-73,False
12-145,False
370-9,False
49-56,False
1008-646,False
509-988,False
104-387,False
1000-46,False
332-500,False
1020-1025,False
67-823,False
147-76,False
219-696,False
795-912,False
375-406,False
257-603,False
753-80,False
1075-590,False
788-888,False
330-337,False
1057-654,False
425-456,False
501-725,False
167-70,False
707-94,False
210-216,False
1005-1070,False
339-369,False
1091-253,False
807-815,False
241-66,False
120-563,False
387-467,False
142-656,False
1066-130,False
273-606,False
328-363,False
457-630,False
1005-907,False
241-687,False
370-62,False
39-725,False
709-823,False
218-420,False
230-812,False
1025-477,False
468-556,False
447-554,False
2-32,False
507-606,False
128-144,False
466-553,False
481-90,False
373-57,False
186-76,False
443-590,False
191-464,False
258-586,False
472-800,False
111-129,False
395-753,False
599-74,False
533-612,False
373-40,False
198-849,False
1009-654,False
1090-728,False
35-4,False
1003-150,False
194-222,False
341-607,False
117-23,False
152-267,False
425-656,False
1047-806,False
23-314,False
403-970,False
381-504,False
275-39,False
21-360,False
117-123,False
597-95,False
578-599,False
453-861,False
199-390,False
131-377,False
1018-1090,False
255-295,False
1-644,False
220-33,False
466-563,False
2-34,False
536-909,False
239-754,False
476-68,False
1004-717,False
1041-517,False
256-259,False
451-588,False
269-563,False
636-687,False
368-928,False
534-900,False
262-270,False
133-447,False
409-590,False
105-327,False
254-552,False
67-90,False
1026-976,False
321-741,False
28-881,False
123-175,False
40-50,False
260-73,False
378-417,False
308-81,False
1035-1039,False
116-214,False
229-337,False
155-972,False
305-98,False
265-643,False
141-399,False
1013-884,False
793-917,False
268-500,False
296-911,False
1050-140,False
1069-313,False
203-62,False
316-707,False
340-598,False
241-711,False
310-995,False
928-933,False
30-437,False
382-416,False
429-438,False
271-282,False
175-247,False
411-820,False
576-823,False
237-70,False
182-81,False
3-56,False
246-314,False
235-391,False
127-830,False
483-64,False
139-149,False
255-52,False
729-987,False
29-66,False
252-321,False
150-40,False
275-94,False
24-82,False
276-746,False
540-552,False
483-869,False
14-174,False
592-742,False
384-391,False
457-903,False
378-790,False
200-284,False
176-383,False
214-594,False
338-365,False
105-40,False
855-869,False
585-701,False
443-650,False
534-816,False
116-414,False
206-493,False
327-612,False
272-700,False
464-475,False
385-729,False
163-175,False
296-48,False
199-401,False
104-202,False
21-423,False
120-76,False
429-434,False
492-788,False
370-417,False
397-967,False
24-670,False
185-559,False
303-829,False
378-661,False
105-692,False
590-750,False
382-978,False
172-882,False
1042-486,False
446-696,False
378-468,False
371-382,False
41-445,False
183-191,False
353-82,False
429-71,False
434-745,False
660-843,False
491-565,False
214-650,False
630-953,False
140-259,False
147-412,False
1032-741,False
875-877,False
252-928,False
1069-936,False
368-373,False
339-881,False
492-59,False
10-119,False
1025-808,False
63-870,False
321-322,False
340-451,False
240-94,False
767-88,False
460-67,False
303-892,False
239-240,False
10-676,False
472-560,False
105-799,False
3-412,False
1062-828,False
203-545,False
233-612,False
373-70,False
164-170,False
328-470,False
418-448,False
274-438,False
152-75,False
218-274,False
396-756,False
323-681,False
961-990,False
370-8,False
347-38,False
344-415,False
1010-707,False
192-351,False
21-259,False
476-58,False
57-957,False
745-944,False
120-182,False
573-741,False
282-500,False
386-749,False
287-554,False
1063-551,False
1067-44,False
396-720,False
654-655,False
596-692,False
571-590,False
246-282,False
1074-666,False
115-879,False
233-730,False
269-468,False
126-429,False
587-906,False
50-7,False
1012-242,False
297-699,False
936-938,False
191-31,False
425-929,False
125-72,False
56-578,False
641-642,False
11-693,False
171-80,False
356-581,False
455-656,False
1062-481,False
291-752,False
116-786,False
172-563,False
1063-958,False
372-563,False
402-861,False
227-251,False
404-74,False
168-831,False
1047-224,False
1002-460,False
866-98,False
39-724,False
376-543,False
725-756,False
188-211,False
384-385,False
30-916,False
200-645,False
1068-980,False
288-34,False
452-655,False
147-552,False
137-481,False
183-649,False
331-847,False
134-25,False
356-504,False
332-367,False
35-417,False
829-830,False
263-446,False
500-506,False
659-691,False
154-799,False
594-832,False
45-610,False
650-651,False
197-655,False
205-593,False
554-847,False
30-442,False
147-389,False
204-361,False
164-791,False
306-70,False
434-788,False
284-641,False
209-218,False
44-62,False
1015-60,False
105-213,False
333-337,False
163-176,False
210-446,False
196-400,False
716-997,False
767-879,False
402-409,False
591-813,False
19-238,False
194-777,False
274-942,False
27-28,False
240-566,False
18-236,False
1121-387,False
64-666,False
130-328,False
404-885,False
193-592,False
106-662,False
331-368,False
219-596,False
438-787,False
396-978,False
122-402,False
201-696,False
297-756,False
15-276,False
70-82,False
259-457,False
126-25,False
720-766,False
220-472,False
1070-189,False
389-885,False
1114-749,False
113-120,False
284-543,False
137-809,False
438-726,False
170-908,False
145-149,False
1048-723,False
440-640,False
246-700,False
112-120,False
267-354,False
219-650,False
1097-498,False
366-855,False
108-286,False
196-790,False
1058-396,False
48-544,False
754-903,False
266-94,False
606-610,False
422-957,False
468-559,False
168-691,False
130-797,False
41-94,False
52-69,False
401-90,False
231-74,False
192-446,False
159-269,False
276-396,False
135-341,False
662-684,False
202-699,False
141-737,False
364-446,False
1067-151,False
378-413,False
300-314,False
4-488,False
510-798,False
438-798,False
572-862,False
281-340,False
106-368,False
233-597,False
259-515,False
230-275,False
349-811,False
128-269,False
38-392,False
359-692,False
351-369,False
694-836,False
524-938,False
381-545,False
353-438,False
43-46,False
4-500,False
399-945,False
407-961,False
388-743,False
575-597,False
303-442,False
625-708,False
326-406,False
491-499,False
56-781,False
1050-352,False
374-900,False
30-677,False
416-896,False
447-45,False
426-95,False
303-393,False
279-568,False
816-847,False
237-730,False
406-782,False
122-252,False
235-937,False
414-725,False
868-923,False
149-371,False
1121-195,False
410-633,False
336-40,False
305-435,False
467-470,False
142-41,False
362-935,False
357-882,False
558-97,False
356-552,False
536-674,False
713-861,False
106-653,False
183-355,False
52-842,False
339-91,False
420-643,False
422-480,False
194-6,False
1000-991,False
427-606,False
381-411,False
579-80,False
447-500,False
130-64,False
110-182,False
562-565,False
22-346,False
601-631,False
199-284,False
181-549,False
331-642,False
308-840,False
326-629,False
231-776,False
1129-989,False
351-697,False
118-683,False
297-685,False
1114-20,False
598-715,False
360-46,False
504-99,False
274-289,False
311-714,False
333-543,False
13-591,False
237-38,False
251-329,False
334-74,False
303-889,False
13-180,False
257-3,False
716-841,False
1-282,False
130-912,False
365-366,False
80-835,False
20-239,False
308-551,False
1077-603,False
279-283,False
873-973,False
115-560,False
233-899,False
377-868,False
265-354,False
305-429,False
562-890,False
603-89,False
259-317,False
241-72,False
105-629,False
178-501,False
378-734,False
167-702,False
145-185,False
426-607,False
267-31,False
604-87,False
284-7,False
942-955,False
205-363,False
271-748,False
498-499,False
241-368,False
135-568,False
124-54,False
231-31,False
706-755,False
657-979,False
398-692,False
271-590,False
197-438,False
329-452,False
545-586,False
480-675,False
23-303,False
199-356,False
271-671,False
271-724,False
509-71,False
199-215,False
400-44,False
649-808,False
813-978,False
452-504,False
105-646,False
204-512,False
410-886,False
227-26,False
205-792,False
67-836,False
427-509,False
381-81,False
368-501,False
17-58,False
403-578,False
164-168,False
437-58,False
1054-527,False
425-632,False
590-961,False
556-561,False
534-72,False
163-322,False
726-978,False
248-902,False
625-628,False
152-723,False
256-840,False
271-860,False
215-289,False
472-491,False
1071-524,False
214-233,False
101-680,False
484-930,False
466-54,False
426-540,False
355-691,False
1-28,False
458-632,False
627-98,False
400-648,False
378-451,False
271-333,False
738-843,False
237-532,False
214-454,False
333-384,False
529-690,False
194-327,False
260-392,False
204-532,False
270-691,False
196-307,False
390-83,False
167-960,False
244-313,False
274-53,False
41-893,False
1053-543,False
310-329,False
363-56,False
1040-607,False
255-82,False
187-54,False
1038-1098,False
219-69,False
363-49,False
364-595,False
595-930,False
354-745,False
275-54,False
21-271,False
210-51,False
239-571,False
116-21,False
658-660,False
305-41,False
400-978,False
591-72,False
183-427,False
129-936,False
476-500,False
341-356,False
359-861,False
198-468,False
600-730,False
287-50,False
1010-467,False
317-723,False
368-632,False
642-695,False
515-577,False
471-533,False
417-872,False
242-615,False
267-467,False
41-70,False
606-872,False
234-297,False
106-332,False
1129-464,False
173-24,False
18-344,False
27-306,False
146-63,False
276-869,False
152-652,False
4-520,False
16-195,False
430-604,False
266-54,False
1051-663,False
231-680,False
819-952,False
59-62,False
186-254,False
694-813,False
192-645,False
336-79,False
563-697,False
804-857,False
329-870,False
6-82,False
529-68,False
241-282,False
336-469,False
382-385,False
253-55,False
20-237,False
303-496,False
364-510,False
350-711,False
233-38,False
378-711,False
736-923,False
20-399,False
393-500,False
128-649,False
217-641,False
1009-462,False
478-609,False
155-338,False
2-703,False
116-274,False
140-267,False
398-84,False
188-659,False
354-573,False
201-218,False
578-936,False
585-983,False
349-827,False
412-466,False
12-42,False
471-938,False
389-94,False
1057-560,False
32-371,False
40-678,False
22-388,False
1060-708,False
38-705,False
135-378,False
16-212,False
313-765,False
149-742,False
242-811,False
335-9,False
187-703,False
481-832,False
309-857,False
198-227,False
460-82,False
291-472,False
149-851,False
132-31,False
298-539,False
276-46,False
528-822,False
434-438,False
352-571,False
40-49,False
40-41,False
157-470,False
269-438,False
605-798,False
429-729,False
186-256,False
655-661,False
15-168,False
316-358,False
278-429,False
427-500,False
185-524,False
165-230,False
381-602,False
1043-1045,False
621-832,False
219-291,False
101-6,False
197-274,False
313-48,False
429-884,False
107-9,False
55-56,False
417-87,False
172-591,False
46-8,False
138-638,False
1070-559,False
278-366,False
404-990,False
117-181,False
305-793,False
211-49,False
337-383,False
140-721,False
419-660,False
372-445,False
255-516,False
1025-706,False
439-641,False
19-301,False
344-660,False
725-88,False
378-54,False
198-429,False
106-853,False
156-5,False
1121-743,False
50-78,False
1095-298,False
106-254,False
146-398,False
1071-185,False
106-1088,False
355-47,False
50-859,False
33-78,False
3-42,False
1100-340,False
466-677,False
41-714,False
149-364,False
4-508,False
105-188,False
549-802,False
454-580,False
7-9,False
101-1032,False
386-431,False
125-182,False
632-95,False
668-880,False
339-822,False
193-518,False
598-98,False
865-942,False
15-7,False
52-656,False
10-127,False
642-643,False
1050-386,False
750-935,False
215-221,False
584-881,False
383-450,False
145-182,False
1027-570,False
1035-477,False
357-383,False
239-811,False
277-357,False
232-237,False
204-81,False
506-526,False
500-69,False
452-662,False
76-765,False
22-349,False
40-6,False
185-61,False
118-210,False
430-616,False
341-439,False
451-538,False
239-383,False
128-76,False
1081-1084,False
1009-990,False
708-740,False
269-43,False
290-838,False
133-483,False
45-978,False
248-809,False
300-301,False
140-399,False
24-287,False
16-399,False
140-185,False
137-814,False
42-85,False
115-89,False
307-395,False
137-231,False
4-460,False
205-699,False
1056-213,False
155-181,False
540-641,False
183-643,False
682-884,False
197-327,False
1094-872,False
311-458,False
247-862,False
196-317,False
11-397,False
205-591,False
335-495,False
14-206,False
203-378,False
205-647,False
738-829,False
445-882,False
250-429,False
81-824,False
300-332,False
288-297,False
193-780,False
1123-997,False
1067-1105,False
390-441,False
1014-429,False
213-305,False
16-236,False
393-520,False
213-429,False
1074-429,False
1057-950,False
369-853,False
204-313,False
240-534,False
504-983,False
268-271,False
337-409,False
284-355,False
143-381,False
607-68,False
142-350,False
215-404,False
735-741,False
757-883,False
81-922,False
460-564,False
234-306,False
104-524,False
19-3,False
23-50,False
116-328,False
656-660,False
801-847,False
452-657,False
294-391,False
568-663,False
285-339,False
412-744,False
303-468,False
474-56,False
597-6,False
115-86,False
265-358,False
140-284,False
691-878,False
408-95,False
444-813,False
66-953,False
334-583,False
177-511,False
131-486,False
356-572,False
921-970,False
664-769,False
213-92,False
10-122,False
280-44,False
206-261,False
269-520,False
290-316,False
175-80,False
239-66,False
12-151,False
171-198,False
1038-735,False
20-214,False
46-58,False
46-775,False
3-354,False
421-573,False
176-592,False
376-630,False
137-830,False
195-43,False
353-408,False
193-361,False
427-999,False
621-626,False
1132-841,False
145-71,False
191-32,False
139-29,False
191-420,False
394-810,False
321-324,False
210-246,False
333-378,False
143-83,False
30-578,False
466-549,False
899-900,False
137-396,False
657-825,False
1095-312,False
501-693,False
113-124,False
479-660,False
451-662,False
142-729,False
90-92,False
1030-74,False
623-773,False
145-67,False
894-976,False
196-218,False
528-64,False
702-820,False
702-763,False
399-470,False
412-730,False
39-795,False
376-662,False
426-603,False
216-317,False
973-995,False
145-340,False
333-69,False
427-610,False
378-383,False
795-910,False
134-329,False
410-581,False
486-76,False
16-7,False
3-432,False
621-654,False
74-810,False
22-8,False
545-548,False
128-400,False
161-176,False
765-766,False
444-815,False
110-30,False
3-67,False
14-6,False
594-786,False
164-80,False
205-797,False
470-988,False
161-19,False
415-827,False
148-84,False
241-267,False
287-543,False
692-693,False
284-618,False
303-381,False
227-300,False
268-415,False
383-48,False
868-869,False
352-950,False
1020-533,False
426-608,False
334-634,False
387-693,False
399-745,False
45-452,False
357-41,False
39-425,False
349-523,False
1054-636,False
191-52,False
365-720,False
355-542,False
528-795,False
122-346,False
124-181,False
152-549,False
145-331,False
687-698,False
412-729,False
204-322,False
160-242,False
584-595,False
158-872,False
7-88,False
1062-372,False
140-389,False
14-58,False
19-35,False
115-429,False
349-432,False
219-441,False
243-692,False
52-876,False
451-507,False
184-220,False
1-290,False
207-966,False
200-726,False
54-641,False
403-955,False
598-925,False
396-924,False
255-837,False
134-275,False
496-497,False
149-331,False
384-454,False
168-206,False
311-510,False
427-864,False
288-848,False
20-585,False
1029-107,False
140-372,False
276-280,False
183-341,False
183-51,False
576-717,False
103-39,False
116-222,False
105-356,False
275-836,False
155-588,False
333-737,False
679-793,False
16-308,False
1088-829,False
313-348,False
155-789,False
146-356,False
157-372,False
332-44,False
314-358,False
582-80,False
294-782,False
215-642,False
143-398,False
139-3,False
166-244,False
333-726,False
148-974,False
390-725,False
730-743,False
270-41,False
381-806,False
1011-106,False
200-472,False
1122-762,False
436-49,False
105-437,False
133-672,False
252-636,False
200-220,False
639-74,False
1088-321,False
506-508,False
210-214,False
568-664,False
573-975,False
274-49,False
145-720,False
545-597,False
490-981,False
269-631,False
796-891,False
1132-160,False
12-264,False
140-66,False
1027-826,False
420-51,False
276-393,False
554-709,False
745-940,False
183-625,False
341-434,False
49-793,False
745-945,False
287-457,False
436-541,False
159-24,False
206-363,False
142-591,False
261-979,False
147-725,False
134-553,False
1033-208,False
214-253,False
171-355,False
698-801,False
1077-708,False
367-839,False
505-736,False
434-884,False
393-983,False
397-504,False
10-124,False
198-518,False
200-33,False
407-431,False
199-221,False
240-74,False
607-860,False
617-619,False
22-45,False
386-496,False
219-446,False
216-687,False
19-230,False
187-393,False
719-933,False
2-22,False
216-592,False
174-24,False
162-472,False
592-895,False
691-706,False
250-542,False
748-875,False
197-30,False
1053-523,False
151-52,False
397-923,False
259-596,False
564-957,False
588-953,False
471-484,False
303-382,False
780-892,False
227-382,False
132-468,False
168-237,False
677-769,False
316-54,False
312-907,False
1037-482,False
447-460,False
238-479,False
621-691,False
503-9,False
192-797,False
392-750,False
108-117,False
128-19,False
245-382,False
128-207,False
136-413,False
1071-603,False
333-532,False
426-604,False
322-373,False
25-630,False
378-645,False
313-712,False
1054-902,False
336-599,False
165-168,False
4-429,False
558-738,False
385-396,False
134-586,False
134-706,False
188-772,False
649-773,False
55-74,False
27-4,False
466-94,False
844-920,False
199-209,False
314-677,False
105-1069,False
52-532,False
244-316,False
282-606,False
382-386,False
1051-908,False
252-915,False
201-863,False
1059-146,False
14-185,False
207-783,False
1025-276,False
134-587,False
279-280,False
797-899,False
52-619,False
269-56,False
170-532,False
728-983,False
831-9,False
284-433,False
334-52,False
402-45,False
585-919,False
576-845,False
1062-12,False
133-709,False
339-864,False
124-569,False
21-260,False
128-274,False
590-958,False
280-492,False
135-511,False
205-599,False
142-147,False
52-662,False
68-82,False
1006-233,False
231-598,False
238-25,False
915-968,False
1078-612,False
499-924,False
333-364,False
458-802,False
560-795,False
296-534,False
213-797,False
460-582,False
1041-483,False
40-72,False
158-393,False
638-652,False
219-594,False
402-886,False
472-76,False
760-902,False
213-85,False
270-632,False
393-407,False
132-582,False
285-767,False
250-614,False
1091-238,False
367-52,False
157-545,False
332-895,False
399-459,False
424-985,False
209-85,False
527-69,False
267-936,False
1044-256,False
1112-854,False
313-457,False
429-645,False
132-178,False
765-822,False
384-406,False
559-700,False
112-314,False
464-708,False
1042-1079,False
413-859,False
331-641,False
339-354,False
42-76,False
364-424,False
355-468,False
105-219,False
429-512,False
354-661,False
1064-406,False
504-568,False
234-634,False
1018-81,False
120-178,False
303-341,False
332-470,False
313-649,False
228-241,False
25-26,False
442-577,False
135-142,False
134-339,False
509-755,False
1001-499,False
50-523,False
2-288,False
21-254,False
316-84,False
305-859,False
212-794,False
400-543,False
642-647,False
155-50,False
513-564,False
698-786,False
180-475,False
1090-1104,False
31-339,False
496-979,False
1112-533,False
588-769,False
724-747,False
44-704,False
793-946,False
307-468,False
4-64,False
542-72,False
363-427,False
206-676,False
259-890,False
70-72,False
40-462,False
217-307,False
128-49,False
108-16,False
329-709,False
405-6,False
434-756,False
333-454,False
565-606,False
203-26,False
1116-239,False
378-788,False
243-810,False
22-24,False
354-49,False
582-637,False
185-764,False
612-842,False
407-440,False
24-532,False
42-943,False
386-42,False
1004-907,False
484-551,False
237-243,False
112-280,False
167-49,False
1009-541,False
137-412,False
137-238,False
125-148,False
416-710,False
170-78,False
271-353,False
23-909,False
250-261,False
355-420,False
1103-285,False
659-716,False
396-90,False
378-864,False
470-810,False
1115-75,False
217-512,False
262-801,False
4-71,False
293-361,False
1009-319,False
13-133,False
249-657,False
107-182,False
181-697,False
389-398,False
1081-504,False
106-133,False
143-233,False
224-329,False
23-240,False
210-71,False
750-961,False
265-287,False
369-769,False
338-708,False
385-889,False
106-706,False
189-269,False
150-50,False
48-890,False
36-378,False
646-751,False
452-829,False
330-590,False
233-82,False
8-9,False
169-170,False
176-614,False
203-776,False
15-414,False
1050-969,False
588-692,False
1058-523,False
1066-217,False
295-680,False
1058-646,False
1095-979,False
14-220,False
106-929,False
538-568,False
658-833,False
124-691,False
217-76,False
267-824,False
203-503,False
610-822,False
182-230,False
456-817,False
481-660,False
205-208,False
198-783,False
479-849,False
10-30,False
214-288,False
283-41,False
196-505,False
197-665,False
34-532,False
418-458,False
420-884,False
156-555,False
127-401,False
396-59,False
299-884,False
341-844,False
468-647,False
1011-164,False
172-584,False
45-761,False
196-316,False
378-467,False
20-452,False
578-938,False
317-322,False
417-94,False
145-735,False
1025-81,False
1-268,False
597-621,False
282-432,False
11-27,False
339-554,False
156-51,False
236-274,False
769-842,False
41-505,False
439-494,False
216-584,False
269-274,False
312-314,False
183-542,False
134-74,False
176-761,False
189-563,False
341-884,False
471-600,False
313-335,False
198-24,False
504-714,False
303-84,False
470-711,False
838-964,False
243-454,False
534-881,False
185-362,False
1088-987,False
40-956,False
233-437,False
150-504,False
751-823,False
288-761,False
210-55,False
135-795,False
429-96,False
245-383,False
410-54,False
27-446,False
289-507,False
159-16,False
1089-811,False
333-420,False
337-378,False
148-75,False
395-398,False
1067-211,False
20-303,False
1087-739,False
285-321,False
725-885,False
247-47,False
607-755,False
198-800,False
16-233,False
633-981,False
130-836,False
332-386,False
539-57,False
63-88,False
608-69,False
254-702,False
368-455,False
227-713,False
139-428,False
239-622,False
214-307,False
595-798,False
316-386,False
1067-543,False
194-256,False
369-535,False
503-578,False
772-866,False
113-663,False
1002-191,False
1065-75,False
212-313,False
421-772,False
347-745,False
346-369,False
555-687,False
360-696,False
746-933,False
622-629,False
326-57,False
462-748,False
238-976,False
568-76,False
104-396,False
414-745,False
384-408,False
827-985,False
694-720,False
78-80,False
684-93,False
133-565,False
143-981,False
455-58,False
207-216,False
798-80,False
579-983,False
549-964,False
584-629,False
724-788,False
102-41,False
314-507,False
209-346,False
1005-573,False
130-658,False
255-39,False
1066-572,False
220-433,False
142-387,False
100-454,False
46-53,False
484-585,False
319-351,False
438-523,False
665-825,False
133-2,False
81-861,False
564-811,False
324-997,False
66-82,False
675-875,False
446-599,False
411-470,False
356-558,False
34-885,False
1043-706,False
584-780,False
193-601,False
19-83,False
200-641,False
210-212,False
42-644,False
804-960,False
445-549,False
108-55,False
307-921,False
439-813,False
606-974,False
184-192,False
424-820,False
134-599,False
263-594,False
355-671,False
369-614,False
196-695,False
389-504,False
243-413,False
10-37,False
112-563,False
639-898,False
340-954,False
181-19,False
121-168,False
42-532,False
306-633,False
540-820,False
1023-533,False
224-993,False
376-48,False
39-50,False
414-81,False
192-492,False
272-978,False
38-562,False
107-136,False
1008-1035,False
1061-947,False
725-779,False
479-72,False
1-144,False
22-242,False
710-881,False
137-362,False
265-301,False
182-301,False
150-338,False
417-886,False
356-747,False
402-410,False
15-466,False
571-74,False
330-532,False
489-58,False
244-355,False
1037-140,False
193-363,False
153-332,False
603-855,False
194-360,False
147-745,False
613-809,False
268-31,False
239-251,False
539-64,False
183-829,False
204-269,False
200-92,False
1013-309,False
256-611,False
339-358,False
1-222,False
12-243,False
1123-123,False
1034-543,False
313-46,False
13-352,False
105-433,False
305-680,False
529-75,False
604-649,False
501-638,False
133-399,False
434-466,False
355-376,False
213-73,False
427-942,False
213-438,False
171-715,False
563-80,False
351-53,False
257-56,False
392-401,False
657-661,False
1116-527,False
396-542,False
1078-556,False
294-687,False
546-63,False
268-293,False
520-617,False
53-541,False
368-929,False
422-544,False
193-698,False
452-830,False
607-730,False
194-649,False
121-2,False
168-581,False
241-38,False
10-329,False
121-7,False
209-552,False
210-3,False
149-184,False
155-44,False
384-936,False
300-503,False
1037-480,False
143-798,False
331-408,False
473-56,False
1073-481,False
11-18,False
120-166,False
966-976,False
255-468,False
152-736,False
56-651,False
542-788,False
255-266,False
266-279,False
1085-968,False
467-951,False
370-378,False
234-421,False
219-34,False
701-703,False
223-946,False
423-45,False
708-87,False
279-282,False
206-216,False
419-453,False
1070-1113,False
122-632,False
176-82,False
361-400,False
206-441,False
13-422,False
119-891,False
1054-860,False
479-709,False
1017-172,False
157-271,False
190-566,False
116-791,False
86-87,False
230-45,False
1043-460,False
1094-1097,False
248-341,False
182-878,False
122-377,False
238-453,False
354-358,False
20-244,False
303-357,False
216-696,False
28-633,False
7-86,False
367-724,False
1116-832,False
365-846,False
317-64,False
448-708,False
1109-146,False
116-194,False
581-870,False
470-500,False
369-41,False
231-460,False
128-647,False
13-30,False
228-38,False
616-7,False
113-176,False
14-400,False
298-546,False
155-38,False
116-80,False
941-958,False
481-74,False
208-943,False
21-223,False
194-41,False
183-561,False
422-460,False
1106-913,False
57-65,False
372-717,False
176-31,False
372-467,False
371-435,False
327-401,False
129-643,False
545-99,False
278-359,False
1104-963,False
316-38,False
24-351,False
375-48,False
1091-168,False
372-42,False
208-327,False
323-569,False
239-900,False
517-93,False
31-585,False
590-83,False
472-964,False
1051-198,False
702-91,False
106-239,False
413-520,False
1052-335,False
390-629,False
194-364,False
247-646,False
369-612,False
875-957,False
363-780,False
316-753,False
555-74,False
312-819,False
155-415,False
216-439,False
654-935,False
251-56,False
179-694,False
427-64,False
130-401,False
245-281,False
244-270,False
134-227,False
130-437,False
305-452,False
324-378,False
494-64,False
251-677,False
105-662,False
391-660,False
217-439,False
483-745,False
618-619,False
1031-81,False
455-82,False
422-564,False
311-95,False
376-454,False
414-434,False
407-992,False
564-769,False
6-83,False
392-527,False
578-80,False
202-214,False
200-79,False
431-46,False
34-591,False
213-49,False
687-70,False
453-804,False
230-573,False
176-197,False
756-790,False
334-810,False
334-612,False
483-632,False
689-886,False
365-81,False
820-883,False
405-50,False
103-369,False
158-356,False
327-7,False
202-321,False
326-507,False
13-296,False
19-80,False
124-289,False
396-77,False
238-305,False
235-510,False
204-291,False
844-870,False
512-809,False
365-767,False
13-155,False
25-545,False
23-340,False
335-594,False
655-660,False
112-181,False
75-767,False
20-405,False
176-237,False
593-745,False
539-783,False
356-357,False
249-55,False
340-446,False
311-524,False
773-95,False
712-797,False
224-360,False
529-902,False
385-896,False
21-240,False
100-1077,False
356-372,False
171-686,False
143-500,False
1100-665,False
272-378,False
1083-16,False
115-460,False
645-651,False
11-717,False
354-426,False
263-267,False
262-537,False
257-378,False
255-333,False
773-831,False
206-77,False
299-393,False
163-633,False
368-58,False
269-711,False
384-390,False
331-827,False
204-593,False
354-47,False
775-926,False
181-398,False
186-603,False
426-493,False
104-21,False
425-678,False
1002-507,False
1002-546,False
185-354,False
346-418,False
21-243,False
105-207,False
725-800,False
429-68,False
105-58,False
453-824,False
1032-94,False
313-521,False
46-54,False
214-504,False
13-665,False
401-912,False
396-54,False
205-775,False
302-533,False
486-848,False
152-185,False
413-895,False
177-182,False
467-655,False
378-73,False
367-874,False
1007-1067,False
446-848,False
225-528,False
192-203,False
254-270,False
150-333,False
22-86,False
196-545,False
210-797,False
400-649,False
268-452,False
358-921,False
185-888,False
356-744,False
1118-796,False
49-568,False
116-932,False
57-66,False
227-786,False
1032-502,False
274-437,False
150-741,False
204-240,False
3-431,False
40-930,False
340-929,False
128-234,False
1080-583,False
343-920,False
268-359,False
448-705,False
182-332,False
386-908,False
258-599,False
204-711,False
1069-1070,False
456-641,False
40-694,False
280-46,False
422-875,False
1010-106,False
1032-457,False
202-322,False
386-938,False
1105-204,False
736-742,False
470-48,False
466-523,False
458-659,False
557-78,False
342-70,False
606-852,False
480-57,False
269-327,False
213-606,False
157-460,False
324-74,False
135-247,False
145-820,False
109-24,False
284-591,False
364-46,False
237-49,False
193-725,False
812-83,False
356-410,False
204-211,False
1055-117,False
1058-575,False
324-802,False
24-295,False
197-233,False
958-986,False
134-585,False
1075-902,False
381-588,False
146-590,False
45-53,False
371-851,False
387-976,False
468-52,False
150-313,False
132-718,False
333-573,False
214-877,False
604-737,False
200-356,False
182-231,False
1041-497,False
264-597,False
46-94,False
173-271,False
492-532,False
362-45,False
633-811,False
631-820,False
332-905,False
140-958,False
283-70,False
607-81,False
1022-995,False
380-392,False
182-291,False
373-374,False
201-220,False
1007-709,False
427-476,False
112-163,False
333-868,False
47-517,False
142-209,False
1039-564,False
1061-915,False
279-750,False
784-896,False
212-742,False
320-349,False
1069-470,False
41-609,False
201-327,False
200-6,False
143-552,False
137-604,False
238-428,False
15-546,False
1035-816,False
260-46,False
135-332,False
354-73,False
49-940,False
273-501,False
351-708,False
271-41,False
105-253,False
52-737,False
562-866,False
248-52,False
188-227,False
279-914,False
317-580,False
194-293,False
21-3,False
173-177,False
355-709,False
34-572,False
26-367,False
135-136,False
30-584,False
388-462,False
251-400,False
1102-296,False
608-924,False
168-336,False
387-646,False
305-332,False
378-390,False
446-457,False
199-503,False
105-129,False
356-400,False
281-387,False
14-181,False
291-76,False
655-824,False
1078-376,False
1005-212,False
814-825,False
23-39,False
156-268,False
74-884,False
58-60,False
332-9,False
378-815,False
241-69,False
369-7,False
134-259,False
146-381,False
952-966,False
1005-279,False
12-19,False
274-688,False
202-348,False
471-52,False
136-552,False
201-30,False
712-715,False
135-144,False
595-801,False
190-374,False
1026-519,False
379-504,False
314-394,False
299-590,False
194-317,False
578-671,False
346-765,False
107-350,False
230-267,False
449-531,False
158-418,False
201-293,False
113-218,False
244-470,False
356-888,False
252-744,False
525-53,False
214-247,False
410-44,False
1104-41,False
40-541,False
12-150,False
240-844,False
14-273,False
274-439,False
201-440,False
128-666,False
486-497,False
380-641,False
101-506,False
501-776,False
33-80,False
1-208,False
403-75,False
10-133,False
521-715,False
593-730,False
203-204,False
590-812,False
331-741,False
746-748,False
1060-660,False
44-46,False
128-678,False
1126-273,False
1126-852,False
558-665,False
1-99,False
396-48,False
1123-680,False
392-745,False
117-163,False
285-423,False
48-64,False
591-885,False
338-445,False
147-740,False
28-692,False
571-726,False
775-833,False
28-555,False
194-233,False
244-750,False
604-715,False
1081-261,False
212-291,False
398-961,False
307-366,False
19-371,False
547-73,False
151-556,False
208-446,False
221-545,False
758-90,False
1071-242,False
117-630,False
400-438,False
314-912,False
279-718,False
276-724,False
410-725,False
418-523,False
243-332,False
16-655,False
15-183,False
479-868,False
210-930,False
1096-409,False
324-55,False
402-42,False
395-702,False
268-767,False
278-848,False
211-320,False
183-909,False
343-650,False
472-695,False
276-412,False
237-82,False
1106-982,False
198-645,False
